{"count":1,"self":160.943296,"total":1214.5628748,"children":{"InitializeActuators":{"count":25,"self":0.0015668,"total":0.0015668,"children":null},"InitializeSensors":{"count":25,"self":0.0019944999999999997,"total":0.0019944999999999997,"children":null},"AgentSendState":{"count":185884,"self":35.210063999999996,"total":49.0283498,"children":{"CollectObservations":{"count":929425,"self":0.2132895,"total":0.2132895,"children":null},"WriteActionMask":{"count":929425,"self":0.30009559999999996,"total":0.30009559999999996,"children":null},"RequestDecision":{"count":929425,"self":1.9081135999999999,"total":13.3049009,"children":{"AgentInfo.ToProto":{"count":929425,"self":1.754567,"total":11.3967874,"children":{"GenerateSensorData":{"count":929425,"self":6.9018175999999993,"total":9.6422204,"children":{"RayPerceptionSensor.Perceive":{"count":929425,"self":2.7404028,"total":2.7404029,"children":null}}}}}}}}},"DecideAction":{"count":185884,"self":995.49245439999993,"total":995.4924258,"children":null},"AgentAct":{"count":185884,"self":9.0241496,"total":9.0681532999999988,"children":{"AgentInfo.ToProto":{"count":2092,"self":0.0124814,"total":0.044003799999999996,"children":{"GenerateSensorData":{"count":2092,"self":0.0245541,"total":0.0315224,"children":{"RayPerceptionSensor.Perceive":{"count":2092,"self":0.0069682999999999993,"total":0.0069682999999999993,"children":null}}}}}}},"AgentInfo.ToProto":{"count":1037,"self":0.0040574999999999995,"total":0.024093399999999997,"children":{"GenerateSensorData":{"count":1037,"self":0.0148642,"total":0.0200359,"children":{"RayPerceptionSensor.Perceive":{"count":1037,"self":0.0051716999999999996,"total":0.0051716999999999996,"children":null}}}}}},"gauges":{"MummyIL.CumulativeReward":{"count":3129,"max":1,"min":-1.75000012,"runningAverage":-0.214190111,"value":0,"weightedAverage":-4.99232153E-17}},"metadata":{"timer_format_version":"0.1.0","start_time_seconds":"1685500252","unity_version":"2021.3.20f1","command_line_arguments":"C:\\Program Files\\Unity\\Hub\\Editor\\2021.3.20f1\\Editor\\Unity.exe -projectpath C:\\Projects\\GamePrograming_MLAgents\\Mummy -useHub -hubIPC -cloudEnvironment production -licensingIpc LicenseClient-cgim9 -hubSessionId cd584b30-ff47-11ed-ae43-b3b445e111e4 -accessToken LY7MkFr3yU0J1qmb_tPquvz0O6CUBnvpUtvWUY_YK-800df","communication_protocol_version":"1.5.0","com.unity.ml-agents_version":"2.0.0-exp.1","scene_name":"MummyIL","end_time_seconds":"1685501466"}}