{"count":1,"self":57.5363712,"total":233.2933438,"children":{"InitializeActuators":{"count":20,"self":0.0019955999999999997,"total":0.0019955999999999997,"children":null},"InitializeSensors":{"count":20,"self":0.0020266999999999998,"total":0.0020266999999999998,"children":null},"AgentSendState":{"count":50584,"self":0.409263,"total":2.1347403,"children":{"CollectObservations":{"count":202340,"self":0.2713145,"total":0.2713145,"children":null},"WriteActionMask":{"count":202340,"self":0.067601899999999993,"total":0.067601899999999993,"children":null},"RequestDecision":{"count":202340,"self":0.3717146,"total":1.3865608999999999,"children":{"AgentInfo.ToProto":{"count":202340,"self":0.3352599,"total":1.0148462999999999,"children":{"GenerateSensorData":{"count":202340,"self":0.67958639999999992,"total":0.67958639999999992,"children":null}}}}}}},"DecideAction":{"count":50584,"self":172.197632,"total":172.1976279,"children":null},"AgentAct":{"count":50584,"self":1.3957252999999998,"total":1.4040468,"children":{"AgentInfo.ToProto":{"count":851,"self":0.0030112,"total":0.008321499999999999,"children":{"GenerateSensorData":{"count":851,"self":0.0053103,"total":0.0053103,"children":null}}}}},"AgentInfo.ToProto":{"count":1256,"self":0.0069796,"total":0.016538499999999998,"children":{"GenerateSensorData":{"count":1256,"self":0.0095589,"total":0.0095589,"children":null}}}},"gauges":{"Mummy.CumulativeReward":{"count":2107,"max":-0.200000226,"min":-2.02300119,"runningAverage":-0.6922849,"value":-0.201000229,"weightedAverage":-0.203933567}},"metadata":{"timer_format_version":"0.1.0","start_time_seconds":"1684288793","unity_version":"2021.3.20f1","command_line_arguments":"C:\\Program Files\\Unity\\Hub\\Editor\\2021.3.20f1\\Editor\\Unity.exe -createproject C:\\Projects\\GamePrograming_MLAgents\\Mummy -cloneFromTemplate C:\\Program Files\\Unity\\Hub\\Editor\\2021.3.20f1\\Editor\\Data\\Resources\\PackageManager\\ProjectTemplates\\com.unity.template.3d-8.1.3.tgz -cloudOrganization  -cloudEnvironment production -useHub -hubIPC -hubSessionId 92d0b480-f447-11ed-9127-f5e0544fc4ef -accessToken SMoBJC_TUkvo20ZAiT7yn5ExD4fjvBWoWSSa-3I1eR400df","communication_protocol_version":"1.5.0","com.unity.ml-agents_version":"2.0.0-exp.1","scene_name":"SampleScene","end_time_seconds":"1684289026"}}